<?xml version="1.0" encoding="utf-8"?>
<ModMetaData>
	<name>HALO: Rimworld Heretic Mechanoids</name>
	<author>Helixien</author>
	<supportedVersions>
		<li>1.0</li>
		<li>1.1</li>
	</supportedVersions>
	<url>https://steamcommunity.com/sharedfiles/filedetails/?id=2011336696</url>
	<packageId>Helixien.HereticMechanoids</packageId>
	<description>Check the workshop page for information.</description>
	<loadAfter>
		<li>Ludeon.RimWorld</li>
		<li>Ludeon.RimWorld.Royalty</li>
		<li>brrainz.harmony</li>
		<li>Helixien.ForgedMechanoidArmory</li>
	</loadAfter>
</ModMetaData>