﻿<?xml version="1.0" encoding="utf-8" ?>
<Patch>

	<Operation Class="PatchOperationFindMod">
        <mods>
          <li>Core</li>
        </mods>
        <match Class="PatchOperationSequence">
            <success>Always</success>
            <operations>
                <li Class="PatchOperationAdd">
                    <xpath>/Defs/FactionDef[defName="Mechanoid"]/pawnGroupMakers/li[kindDef="Combat" and commonality=100]/options</xpath>
                    <value>
						<HRHM_Mech_Ranger>10</HRHM_Mech_Ranger>
						<HRHM_Mech_Zealot>10</HRHM_Mech_Zealot>
						<HRHM_Mech_Warrior>10</HRHM_Mech_Warrior>
                    </value>
                </li>
                <li Class="PatchOperationAdd">
                    <xpath>/Defs/FactionDef[defName="Mechanoid"]/pawnGroupMakers/li[kindDef="Combat" and commonality=80]/options</xpath>
                    <value>
						<HRHM_Mech_Ranger>10</HRHM_Mech_Ranger>
						<HRHM_Mech_Zealot>10</HRHM_Mech_Zealot>
                    </value>
                </li>
                <li Class="PatchOperationAdd">
                    <xpath>/Defs/FactionDef[defName="Mechanoid"]/pawnGroupMakers/li[kindDef="Combat" and commonality=70]/options</xpath>
                    <value>
						<HRHM_Mech_Warrior>10</HRHM_Mech_Warrior>
                    </value>
                </li>
                <li Class="PatchOperationAdd">
                    <xpath>/Defs/FactionDef[defName="Mechanoid"]/pawnGroupMakers/li[kindDef="Combat" and commonality=30]/options</xpath>
                    <value>
						<HRHM_Mech_Hunter>15</HRHM_Mech_Hunter>
                    </value>
                </li>
            </operations>
        </match>
	</Operation>

</Patch>
