﻿<?xml version="1.0" encoding="utf-8" ?>
<Defs>

	<!--======== HRHM Body Parts ========-->
	<BodyPartDef>
		<defName>HRHM_MechanicalZealotHead</defName>
		<label>head</label>
		<hitPoints>15</hitPoints>
		<permanentInjuryChanceFactor>0</permanentInjuryChanceFactor>
		<skinCovered>false</skinCovered>
		<solid>true</solid>
		<bleedRate>0</bleedRate>
		<alive>false</alive>
	</BodyPartDef>

	<BodyPartDef>
		<defName>HRHM_ArtificialCommandBrain</defName>
		<label>advanced artificial brain</label>
		<hitPoints>8</hitPoints>
		<permanentInjuryChanceFactor>0</permanentInjuryChanceFactor>
		<skinCovered>false</skinCovered>
		<solid>true</solid>
		<alive>false</alive>
		<bleedRate>0</bleedRate>
		<tags>
			<li>ConsciousnessSource</li>
		</tags>
	</BodyPartDef>

	<BodyPartDef>
		<defName>HRHM_ArtificialSimpleBrain</defName>
		<label>simple artificial brain</label>
		<hitPoints>10</hitPoints>
		<permanentInjuryChanceFactor>0</permanentInjuryChanceFactor>
		<skinCovered>false</skinCovered>
		<solid>true</solid>
		<alive>false</alive>
		<bleedRate>0</bleedRate>
		<tags>
			<li>ConsciousnessSource</li>
		</tags>
	</BodyPartDef>

	<BodyPartDef>
		<defName>HRHM_TargetSensor</defName>
		<label>target sensor</label>
		<hitPoints>10</hitPoints>
		<frostbiteVulnerability>2</frostbiteVulnerability>
		<permanentInjuryChanceFactor>0</permanentInjuryChanceFactor>
		<skinCovered>false</skinCovered>
		<solid>true</solid>
		<alive>false</alive>
		<socketed>true</socketed>
		<bleedRate>0</bleedRate>
		<tags>
			<li>SightSource</li>
		</tags>
	</BodyPartDef>

	<BodyPartDef>
		<defName>HRHM_MechanicalShoulderGuard</defName>
		<label>shoulder guard</label>
		<hitPoints>40</hitPoints>
		<permanentInjuryChanceFactor>0</permanentInjuryChanceFactor>
		<skinCovered>false</skinCovered>
		<solid>true</solid>
		<alive>false</alive>
		<bleedRate>0</bleedRate>
		<tags>
			<li>ManipulationLimbSegment</li>
		</tags>
	</BodyPartDef>

	<BodyPartDef>
		<defName>HRHM_MechanicalHeavyLeg</defName>
		<label>heavy leg</label>
		<hitPoints>45</hitPoints>
		<permanentInjuryChanceFactor>0</permanentInjuryChanceFactor>
		<skinCovered>false</skinCovered>
		<solid>true</solid>
		<alive>false</alive>
		<bleedRate>0</bleedRate>
		<tags>
			<li>MovingLimbCore</li>
		</tags>
	</BodyPartDef>

	<BodyPartDef>
		<defName>HRHM_MechanicalHeavyFoot</defName>
		<label>foot</label>
		<hitPoints>35</hitPoints>
		<frostbiteVulnerability>2</frostbiteVulnerability>
		<permanentInjuryChanceFactor>0</permanentInjuryChanceFactor>
		<skinCovered>false</skinCovered>
		<solid>true</solid>
		<alive>false</alive>
		<bleedRate>0</bleedRate>
		<tags>
			<li>MovingLimbSegment</li>
		</tags>
	</BodyPartDef>

	<BodyPartDef>
		<defName>HRHM_HeadBlade</defName>
		<label>head blade</label>
		<hitPoints>15</hitPoints>
		<frostbiteVulnerability>5</frostbiteVulnerability>
		<permanentInjuryChanceFactor>0</permanentInjuryChanceFactor>
		<skinCovered>false</skinCovered>
		<solid>true</solid>
		<alive>false</alive>
		<bleedRate>0</bleedRate>
	</BodyPartDef>

	<BodyPartDef>
		<defName>HRHM_HunterShield</defName>
		<label>shield</label>
		<hitPoints>85</hitPoints>
		<frostbiteVulnerability>5</frostbiteVulnerability>
		<permanentInjuryChanceFactor>0</permanentInjuryChanceFactor>
		<skinCovered>false</skinCovered>
		<solid>true</solid>
		<alive>false</alive>
		<bleedRate>0</bleedRate>
	</BodyPartDef>

	<BodyPartDef>
		<defName>MechanicalThoraxCanManipulate</defName>
		<label>thorax</label>
		<hitPoints>40</hitPoints>
		<permanentInjuryChanceFactor>0</permanentInjuryChanceFactor>
		<skinCovered>false</skinCovered>
		<solid>true</solid>
		<alive>false</alive>
		<bleedRate>0</bleedRate>
	</BodyPartDef>

</Defs>
