<?xml version="1.0" encoding="utf-8" ?>
<Patch>

	<Operation Class="PatchOperationFindMod">
        <mods>
          <li>Royalty</li>
        </mods>
        <match Class="PatchOperationSequence">
            <success>Always</success>
            <operations>
                <li Class="PatchOperationReplace">
                    <xpath>/Defs/ThingDef[defName="MechCapsule"]/comps/li[@Class="CompProperties_PawnSpawnOnWakeup"]/points</xpath>
                    <value>
						<points>435</points>
                    </value>
                </li>
                <li Class="PatchOperationAdd">
                    <xpath>/Defs/ThingDef[defName="MechCapsule"]/comps/li[@Class="CompProperties_PawnSpawnOnWakeup"]/spawnablePawnKinds</xpath>
                    <value>
					  <li>HRHM_Mech_Zealot</li>
					  <li>HRHM_Mech_Ranger</li>
					  <li>HRHM_Mech_Marshal</li>
					  <li>HRHM_Mech_Hunter</li>
                    </value>
                </li>
                <li Class="PatchOperationAdd">
                    <xpath>/Defs/ThingDef[defName="MechAssembler"]/comps/li[@Class="CompProperties_SpawnerPawn"]/spawnablePawnKinds</xpath>
                    <value>
					  <li>HRHM_Mech_Zealot</li>
					  <li>HRHM_Mech_Ranger</li>
					  <li>HRHM_Mech_Marshal</li>
					  <li>HRHM_Mech_Hunter</li>
                    </value>
                </li>
                <li Class="PatchOperationAdd">
                    <xpath>/Defs/ThingDef[defName="MechDropBeacon"]/comps/li[@Class="CompProperties_PawnSpawnOnWakeup"]/spawnablePawnKinds</xpath>
                    <value>
					  <li>HRHM_Mech_Zealot</li>
					  <li>HRHM_Mech_Ranger</li>
					  <li>HRHM_Mech_Marshal</li>
					  <li>HRHM_Mech_Hunter</li>
                    </value>
                </li>
            </operations>
        </match>
	</Operation>

</Patch>